Bennett,Randy,3967822541,4710234573,rbennett0@sourceforge.net
Bishop,Samuel,3421933801,2665059871,sbishop1@mayoclinic.com
Garcia,Robert,6580103510,1023460544,rgarcia2@europa.eu
Garrett,Willie,2559609298,0361971284,wgarrett3@slate.com
Nguyen,Richard,1658188266,2794654463,rnguyen4@narod.ru
Bowman,Kathleen,2567288081,2443500708,kbowman5@usda.gov
Matthews,Laura,1351664616,3769065534,lmatthews6@illinois.edu
Watkins,Pamela,6487634630,7526742070,pwatkins7@naver.com
Lewis,Robert,9480863367,9234954710,rlewis8@sohu.com
Garcia,Betty,8973209473,5519258802,bgarcia9@who.int
Wright,Jack,8267573504,4462310254,jwrighta@who.int
Robinson,Brian,3181808222,3900826991,brobinsonb@ustream.tv
Bowman,Elizabeth,4762944282,8775040735,ebowmanc@princeton.edu
Morgan,Jason,6166190141,3869525021,jmorgand@elegantthemes.com
Morrison,Samuel,2458648819,3829861880,smorrisone@ameblo.jp
Reyes,Brian,8320967394,2994024329,breyesf@chron.com
King,Russell,8915642026,6788211593,rkingg@ed.gov
Hamilton,Bruce,4323782116,9553217687,bhamiltonh@miitbeian.gov.cn
Thompson,Amanda,6586005147,5612890757,athompsoni@mayoclinic.com
Turner,Craig,0053723526,5541391561,cturnerj@nba.com
Rivera,Donald,0680299232,2593264124,driverak@oakley.com
Bell,Roger,7944774954,6681875227,rbelll@foxnews.com
George,Gregory,5870704446,9338217630,ggeorgem@wikimedia.org
Reyes,Wanda,5081480220,8945047541,wreyesn@bloglovin.com
Hanson,Judy,9228299995,7390936606,jhansono@photobucket.com
Schmidt,Ashley,2921776574,6957738098,aschmidtp@webeden.co.uk
Boyd,Chris,0139049967,6479224585,cboydq@msu.edu
Welch,Dorothy,8455476536,9144929127,dwelchr@europa.eu
Rivera,Albert,5832366534,6567987348,ariveras@51.la
Kennedy,Margaret,9786193951,6579381793,mkennedyt@jigsy.com
Allen,Larry,9171476975,6151986598,lallenu@miibeian.gov.cn
Stevens,Virginia,6158867304,4448940594,vstevensv@bing.com
Reynolds,Martha,1198235994,9532727531,mreynoldsw@about.com
Williams,Denise,6416746174,8526422899,dwilliamsx@archive.org
Ford,Terry,0748473813,3911323343,tfordy@woothemes.com
Dunn,Howard,4270680513,1413575762,hdunnz@wp.com
Peterson,Mark,0563270462,8764942411,mpeterson10@slideshare.net
Adams,Timothy,6875906197,3467910472,tadams11@cargocollective.com
Young,Andrea,5324325172,6610894969,ayoung12@prnewswire.com
Torres,Martha,7229987869,3261230142,mtorres13@narod.ru
Sullivan,Andrea,1843182274,9142056985,asullivan14@irs.gov
Perez,Marie,4731649661,0828386632,mperez15@issuu.com
Morris,Robert,2052159425,9810370792,rmorris16@skype.com
Coleman,Billy,6394706892,7119490570,bcoleman17@unesco.org
Cole,Joe,0030633808,5450048357,jcole18@photobucket.com
Anderson,Marilyn,8489804868,0557859959,manderson19@google.com.br
Mills,Michelle,6425799676,6663074658,mmills1a@odnoklassniki.ru
Berry,Stephanie,0131942000,6359380784,sberry1b@ihg.com
Hayes,Sharon,8786091656,4000006803,shayes1c@etsy.com
Hansen,Maria,5857335287,9741405673,mhansen1d@fotki.com
Harvey,Melissa,2248398030,9558331737,mharvey1e@sciencedaily.com
Johnson,Ralph,4572769773,9512732316,rjohnson1f@blogs.com
Carter,Eugene,9568307400,9139760992,ecarter1g@usda.gov
Burton,Harry,4614268625,3587189336,hburton1h@house.gov
Fisher,Bobby,9535419097,8368369831,bfisher1i@twitter.com
Graham,Anthony,1569071872,6726643732,agraham1j@artisteer.com
Hall,David,7365320248,1326685291,dhall1k@weibo.com
Larson,Denise,8354746302,8605513775,dlarson1l@microsoft.com
Nguyen,Carlos,3115695151,2626874807,cnguyen1m@multiply.com
Armstrong,Samuel,5184349969,9887683430,sarmstrong1n@examiner.com
Perkins,Jennifer,1584156512,3030782883,jperkins1o@gmpg.org
Ramos,Joshua,0355601451,1044762149,jramos1p@zdnet.com
Flores,Lawrence,3176196857,6962475799,lflores1q@hao123.com
Carter,Jean,8154886850,2272315817,jcarter1r@prweb.com
Burke,Jacqueline,4292362389,3931600359,jburke1s@vistaprint.com
Wagner,Gary,7037974521,3887071271,gwagner1t@mit.edu
Fuller,Kathleen,2509938035,6300979517,kfuller1u@jalbum.net
Lawrence,George,8358511724,4021808004,glawrence1v@google.pl
Hunter,Judy,9464876155,0465409936,jhunter1w@ucsd.edu
Alvarez,Ruby,4837595069,0455310955,ralvarez1x@discuz.net
Ruiz,Steven,5121834891,1007515780,sruiz1y@boston.com
Snyder,Ronald,3123357805,7016953660,rsnyder1z@list-manage.com
Ramos,Carl,1498553762,6154197575,cramos20@etsy.com
Elliott,Mark,7064738460,1478203571,melliott21@artisteer.com
Cole,Timothy,5675577700,3240156449,tcole22@businessinsider.com
Holmes,Clarence,3763906068,1086159010,cholmes23@xrea.com
Hernandez,Howard,1486723897,2443606569,hhernandez24@china.com.cn
Reed,Deborah,1004845681,2603532749,dreed25@bbc.co.uk
Medina,Sandra,3518685044,7506842434,smedina26@mail.ru
Walker,Emily,8892563551,1402368620,ewalker27@cbc.ca
George,Randy,1341169039,2146954409,rgeorge28@tmall.com
Brown,Walter,8387915242,8350539040,wbrown29@bigcartel.com
Cox,Ruby,8188114535,9390670127,rcox2a@nifty.com
Wilson,Philip,4207832084,3112144559,pwilson2b@illinois.edu
Graham,Doris,8009356145,9457754990,dgraham2c@telegraph.co.uk
Flores,Benjamin,5068148561,6938825886,bflores2d@hud.gov
Simpson,Frank,8549719216,1258252871,fsimpson2e@accuweather.com
Dean,Ruth,7520907815,0942973875,rdean2f@csmonitor.com
Larson,Christopher,8794303350,5959681424,clarson2g@go.com
Hansen,Willie,9680442558,0137986305,whansen2h@tumblr.com
Payne,Mildred,8629600609,0643108365,mpayne2i@un.org
Ray,Larry,3224514981,6214199005,lray2j@independent.co.uk
Reynolds,Lois,0266365971,1586628357,lreynolds2k@reuters.com
Brooks,Christina,7485183684,5051002406,cbrooks2l@ucoz.ru
Oliver,Alan,0843332575,2658507245,aoliver2m@dailymotion.com
Wallace,Gary,6356927993,1328208029,gwallace2n@nature.com
Nichols,Carolyn,4061394202,4686344324,cnichols2o@t.co
Clark,Keith,8999602073,2199958271,kclark2p@yahoo.com
Fernandez,Amy,7995429460,6656340137,afernandez2q@goo.gl
Lee,Andrew,9798828712,0000226131,alee2r@bizjournals.com
